car accident lawyer san diego ca,14,1
car accident lawyer indianapolis,15,2
car accident lawyer riverside ca,17,3
car accident lawyer virginia beach,19,4
car accident lawyer yakima,20,5
car accident lawyer austin,21,6
truck accident lawyer los angeles,21,7
car accident lawyer miami fl,22,8
car accident lawyer pros,23,9
car accident lawyer fort lauderdale,24,10
car accident lawyer queens,24,11
car accident lawyer in los angeles,24,12
car accident lawyer los angeles,24,13
car accident lawyer tampa fl,24,14
car accident lawyer seattle,24,15
car accident lawyer st louis,24,16
car accident lawyer newark nj,24,17
car accident lawyer yuma az,24,18
car accident lawyer maryland,24,19
car accident lawyer nj,24,20
car accident lawyer cincinnati,24,21
car accident lawyer tucson,24,22
car accident lawyer portland,24,23
car accident lawyer greenville sc,25,24
car accident lawyer atlanta,25,25
semi truck accident attorneys,25,26
car accident lawyer colorado,25,27
car accident lawyer jacksonville fl,25,28
car accident lawyer katy,25,29
car accident lawyer san antonio texas,25,30
car accident lawyer georgia,25,31
car accident lawyer charlotte nc,25,32
car accident lawyer nyc,25,33
car accident lawyer omaha,25,34
motorcycle accident lawyers houston,26,35
car accident lawyer bronx,26,36
car accident lawyer oakland ca,26,37
car accident lawyer atlanta ga,26,38
car accident lawyer in atlanta ga,26,39
car accident lawyer ri,26,40
car accident lawyer louisville,26,41
car accident lawyer richmond va,26,42
car accident lawyer providence ri,26,43
car accident lawyer tyler tx,26,44
semi truck accident lawyers,27,45
car accident lawyer houston,27,46
car accident lawyer in houston,27,47
car accident lawyer virginia,27,48
car accident lawyer st louis mo,27,49
car accident lawyer raleigh nc,27,50
car accident lawyer denver colorado,27,51
car accident lawyer long island,27,52
uber car accident lawyer,28,53
car accident lawyer greensboro nc,28,54
car accident lawyer orange county,28,55
car accident lawyer tampa,28,56
car accident lawyer chicago,28,57
car accident lawyer lexington ky,28,58
car accident lawyer orlando,28,59
car accident lawyer dallas,28,60
car accident lawyer ny,28,61
car accident lawyer baltimore md,28,62
car accident lawyer colorado springs,28,63
car accident lawyer baltimore,28,64
car accident lawyer macon ga,28,65
car accident lawyer wichita ks,28,66
car accident lawyer fresno ca,29,67
car accident lawyer las vegas,29,68
car accident lawyer florida,29,69
truck accident attorney los angeles,29,70
car accident lawyer pa,29,71
car accident lawyer vero beach,29,72
car accident lawyer property damage,29,73
car accident lawyer okc,29,74
car accident lawyer boston,29,75
car accident lawyer kansas city,29,76
car accident lawyer philadelphia,29,77
car accident lawyer wilmington de,29,78
car accident lawyer phoenix,29,79
car accident lawyer gastonia nc,29,80
car accident lawyer gainesville ga,29,81
car accident lawyer jersey city nj,29,82
car accident lawyer san jose,30,83
class action lawsuit for mesothelioma,30,84
car accident lawyer fresno,30,85
car accident lawyer near me,30,86
car accident lawyer orange county ca,30,87
car accident lawyer utah,30,88
car accident lawyer in san diego,30,89
car accident lawyer-san diego,30,90
car accident lawyer york pa,30,91
car accident lawyer albuquerque,30,92
car accident lawyer mn,30,93
car accident lawyer lafayette la,30,94
car accident lawyer denver,30,95
car accident lawyer honolulu,30,96
car accident lawyer west palm beach,30,97
car accident lawyer guys,31,98
car accident lawyer los angeles ca,31,99
car accident lawyer defense,31,100
car accident lawyer houston texas,31,101
car accident lawyer houston tx,31,102
car accident lawyer tulsa,31,103
car accident lawyer fort worth,31,104
car accident lawyer miami,31,105
car accident lawyer ct,31,106
car accident lawyer dc,31,107
car accident lawyer toledo ohio,31,108
car accident lawyer bay area,32,109
car accident lawyer dallas texas,32,110
car accident lawyer dallas tx,32,111
car accident lawyer arlington tx,32,112
car accident lawyer asheville nc,32,113
car accident lawyer columbus ohio,32,114
car accident lawyer free consultation,32,115
car accident lawyer no injury,32,116
car accident lawyer michigan,32,117
uninsured car accident lawyer,32,118
houston motorcycle accident lawyer,32,119
car accident lawyer augusta,32,120
car accident lawyer fees,32,121
car accident lawyer blog,32,122
car accident lawyer el paso tx,32,123
car accident lawyer in fayetteville nc,32,124
car accident lawyer frisco tx,32,125
car accident lawyer queens ny,32,126
car accident lawyer killeen texas,32,127
car accident lawyer lancaster pa,32,128
car accident lawyer reddit,33,129
car accident lawyer memphis tn,33,130
car accident lawyer kissimmee,33,131
car accident lawyer nashville tn,33,132
car accident lawyer austin tx,33,133
car accident lawyer las vegas nv,33,134
semi truck accident lawyers near me,33,135
car accident lawyer winston salem nc,33,136
car accident lawyer joliet il,33,137
car accident lawyer cost,33,138
car accident lawyer san bernardino,33,139
car accident lawyer no win no fee,33,140
car accident lawyer moreno valley,33,141
car accident lawyer brooklyn ny,33,142
car accident lawyer in fort lauderdale,33,143
car accident lawyer ocala fl,33,144
car accident lawyer knoxville tn,33,145
car accident lawyer dayton ohio,33,146
car accident lawyer in phoenix,33,147
car accident lawyer without injury,34,148
car accident lawyer modesto ca,34,149
car accident lawyer in victorville,34,150
car accident lawyer percentage,34,151
car accident lawyer in laredo tx,34,152
car accident lawyer sacramento ca,34,153
car accident lawyer no insurance,34,154
car accident lawyer philadelphia pa,34,155
car accident lawyer reno,34,156
car accident lawyer wilmington nc,35,157
car accident lawyer questions,35,158
car accident lawyer northeast philadelphia,35,159
car accident lawyer hartford ct,35,160
car accident lawyer reno nv,35,161
car accident lawyer kansas city mo,35,162
car accident lawyer montgomery al,35,163
car accident lawyer yelp,36,164
jewish car accident lawyer,36,165
car accident lawyer ventura ca,36,166
los angeles motorcycle accident lawyer,56,167
motorcycle accident lawyers los angeles,56,168
tucson car accident lawyer,59,169
car accident lawyers los angeles,63,170
car accident lawyer los angeles,63,171
car accident lawyers in los angeles,63,172
caraccidentlawyer,64,173
car accident attorney tucson az,74,174
car accident lawyer in san francisco,75,175
tucson car accident attorney,77,176
car accident lawyer los angeles ca,85,177
car accident lawyers in los angeles ca,85,178
best motorcycle accident lawyer los angeles,86,179
car accident attorney los angeles,87,180
auto accident attorney torrance,92,181
auto accident lawyer san francisco,92,182
best car accident lawyer los angeles,98,183
