caraccidentlawyer,33100,1
car accident lawyer near me,5400,2
car accident lawyers los angeles,2400,3
car accident lawyer los angeles,2400,4
car accident lawyers in los angeles,2400,5
car accident lawyer in los angeles,2400,6
car accident lawyer los angeles,2400,7
car accident attorney los angeles,1900,8
car accident lawyer miami,1900,9
car accident lawyer houston,1600,10
car accident lawyer in houston,1600,11
los angeles motorcycle accident lawyer,1300,12
motorcycle accident lawyers los angeles,1300,13
car accident lawyer atlanta,1000,14
car accident lawyer in san diego,1000,15
car accident lawyer-san diego,1000,16
car accident lawyer chicago,1000,17
semi truck accident lawyers,880,18
car accident lawyer las vegas,880,19
car accident lawyer austin,880,20
car accident lawyer tampa,880,21
car accident lawyer philadelphia,880,22
car accident lawyer phoenix,880,23
truck accident lawyer los angeles,880,24
car accident lawyer boston,720,25
car accident lawyer dallas,720,26
car accident lawyer nyc,720,27
semi truck accident attorneys,590,28
truck accident attorney los angeles,590,29
car accident lawyer denver,590,30
car accident lawyer ny,590,31
car accident lawyer nj,590,32
car accident lawyer michigan,480,33
car accident lawyer seattle,480,34
car accident lawyer west palm beach,480,35
car accident lawyer baltimore,480,36
car accident lawyer fresno,390,37
car accident lawyer fort worth,390,38
best car accident lawyer los angeles,390,39
car accident lawyer indianapolis,390,40
car accident lawyer colorado springs,390,41
car accident lawyer los angeles ca,320,42
car accident lawyers in los angeles ca,320,43
car accident lawyer los angeles ca,320,44
car accident lawyer fresno ca,320,45
car accident lawyer dallas texas,320,46
car accident lawyer dallas tx,320,47
car accident lawyer queens,320,48
car accident lawyer orange county,320,49
car accident lawyer florida,320,50
car accident lawyer free consultation,320,51
car accident lawyer okc,320,52
houston motorcycle accident lawyer,320,53
car accident lawyer fees,320,54
car accident lawyer st louis,320,55
car accident lawyer kansas city,320,56
car accident lawyer raleigh nc,320,57
car accident lawyer louisville,320,58
car accident lawyer guys,260,59
car accident lawyer in san francisco,260,60
car accident lawyer atlanta ga,260,61
car accident lawyer in atlanta ga,260,62
car accident lawyer miami fl,260,63
car accident lawyer orlando,260,64
car accident lawyer charlotte nc,260,65
car accident lawyer maryland,260,66
car accident lawyer tucson,260,67
tucson car accident lawyer,260,68
tucson car accident attorney,260,69
car accident lawyer san jose,210,70
car accident lawyer albuquerque,210,71
car accident lawyer georgia,210,72
car accident lawyer virginia,210,73
car accident lawyer augusta,210,74
auto accident attorney torrance,210,75
car accident lawyer san bernardino,210,76
auto accident lawyer san francisco,210,77
car accident lawyer moreno valley,210,78
car accident lawyer in fort lauderdale,210,79
car accident lawyer in phoenix,210,80
car accident lawyer long island,210,81
motorcycle accident lawyers houston,170,82
car accident lawyer austin tx,170,83
car accident lawyer houston texas,170,84
car accident lawyer houston tx,170,85
car accident lawyer no injury,170,86
car accident lawyer ct,170,87
class action lawsuit for mesothelioma,140,88
car accident lawyer memphis tn,140,89
car accident lawyer colorado,140,90
car accident lawyer fort lauderdale,140,91
car accident lawyer property damage,140,92
car accident lawyer virginia beach,140,93
car accident lawyer denver colorado,140,94
car accident lawyer jacksonville fl,110,95
car accident lawyer sacramento ca,110,96
car accident lawyer las vegas nv,110,97
car accident lawyer pa,110,98
car accident lawyer lexington ky,110,99
car accident lawyer tampa fl,110,100
car accident lawyer ri,110,101
car accident lawyer dc,110,102
car accident lawyer omaha,110,103
car accident lawyer greenville sc,90,104
car accident lawyer modesto ca,90,105
car accident lawyer nashville tn,90,106
car accident lawyer san diego ca,90,107
car accident lawyer utah,90,108
car accident lawyer columbus ohio,90,109
car accident lawyer bronx,90,110
car accident lawyer tulsa,90,111
car accident lawyer cincinnati,90,112
car accident lawyer richmond va,90,113
car accident lawyer riverside ca,70,114
car accident lawyer san antonio texas,70,115
car accident lawyer mn,70,116
car accident lawyer st louis mo,70,117
car accident lawyer brooklyn ny,70,118
car accident lawyer kansas city mo,70,119
car accident lawyer philadelphia pa,70,120
car accident lawyer queens ny,70,121
car accident lawyer portland,70,122
car accident lawyer providence ri,70,123
car accident lawyer greensboro nc,50,124
car accident lawyer arlington tx,50,125
car accident lawyer orange county ca,50,126
car accident lawyer lafayette la,50,127
car accident lawyer el paso tx,50,128
car accident lawyer macon ga,50,129
car accident lawyer tyler tx,50,130
car accident lawyer bay area,40,131
uber car accident lawyer,40,132
car accident lawyer no insurance,40,133
car accident lawyer northeast philadelphia,40,134
car accident lawyer newark nj,40,135
car accident lawyer baltimore md,40,136
car accident lawyer wilmington nc,30,137
car accident lawyer in victorville,30,138
car accident lawyer katy,30,139
car accident lawyer montgomery al,30,140
car accident lawyer knoxville tn,30,141
car accident lawyer wilmington de,30,142
car accident lawyer pros,30,143
car accident lawyer toledo ohio,30,144
car accident lawyer questions,20,145
car accident lawyer winston salem nc,20,146
car accident lawyer oakland ca,20,147
car accident lawyer cost,20,148
car accident lawyer blog,20,149
car accident lawyer honolulu,20,150
car accident lawyer ocala fl,20,151
car accident lawyer in fayetteville nc,20,152
car accident lawyer frisco tx,20,153
car accident lawyer dayton ohio,20,154
car accident lawyer yakima,20,155
car accident lawyer reno,20,156
car accident lawyer wichita ks,20,157
car accident lawyer gainesville ga,20,158
car accident attorney tucson az,20,159
car accident lawyer jersey city nj,20,160
car accident lawyer reddit,10,161
car accident lawyer without injury,10,162
best motorcycle accident lawyer los angeles,10,163
car accident lawyer yelp,10,164
car accident lawyer defense,10,165
car accident lawyer kissimmee,10,166
car accident lawyer asheville nc,10,167
car accident lawyer percentage,10,168
car accident lawyer in laredo tx,10,169
semi truck accident lawyers near me,10,170
car accident lawyer york pa,10,171
jewish car accident lawyer,10,172
car accident lawyer vero beach,10,173
uninsured car accident lawyer,10,174
car accident lawyer ventura ca,10,175
car accident lawyer joliet il,10,176
car accident lawyer hartford ct,10,177
car accident lawyer no win no fee,10,178
car accident lawyer reno nv,10,179
car accident lawyer yuma az,10,180
car accident lawyer killeen texas,10,181
car accident lawyer gastonia nc,10,182
car accident lawyer lancaster pa,10,183
